Codigo;Cod. CIA;Descrição;Complemento;UN;Grupo;Categoria;Marca;Saldo Atual;Custo G;Custo C;Custo UE;Data UE;Fat.GN;Peso Bruto;Peso Líquido;Vol Embalagem;Qtda por Pallet;Qtda por Lastro;Grp Carg;Seq Grp Carg;Cx/Emb;Pos Item;Rest Gaiola;Qnt Emb;Qnt Chapatex;Situação;Descicao Fiscal
120121;        ;CO2 GAS-DIOXIDO DE CARBONO 9KG;1X1 KG    ;KG;023-GAS CO2                   ;023.001-GAS CO2               ;023.001.001-WHITE MARTINS     ;45;15;12,65;15;45923;1;3,83;3,83;1;672;56;1;12;47;420;   ;1;0;ATIVO  ;                                                                                                    
120120;        ;TANQUE GAS CO2 6KG            ;6X1KG     ;KG;023-GAS CO2                   ;023.001-GAS CO2               ;023.001.001-WHITE MARTINS     ;126;10;10;10;45915;1;3,83;3,83;1;672;56;1;12;47;420;   ;1;0;ATIVO  ;                                                                                                    
55202;55202;CC BAG 10L                    ;1X10L     ;UN;001-REFRIG                    ;001.140-10 LITROS             ;001.140.176-COCA              ;15;306,3;278,14;306,3;23/09/2025;11,27157;10;10;1;100;10;90;10;65;130;   ;1;0;ATIVO  ;                                                                                                    
56103;56103;FTA GUA BAG 5L 1U             ;1X5L      ;UN;001-REFRIG                    ;001.130-5 LITROS              ;001.130.010-FANTA BAG         ;20;148,74;135,23;148,74;23/09/2025;4,75519;5;5;1;100;10;90;40;65;130;   ;1;0;ATIVO  ;                                                                                                    
55729;55729;SPRITE SA LIM BAG 5L          ;1X5L      ;UN;001-REFRIG                    ;001.130-5 LITROS              ;001.130.174-SPRITE            ;13;148,74;135,23;148,74;16/09/2025;4,75519;5;5;1;100;10;90;50;65;130;   ;1;0;ATIVO  ;                                                                                                    
55464;55464;FTLAR BAG 5L                  ;1X5L      ;UN;001-REFRIG                    ;001.130-5 LITROS              ;001.130.010-FANTA BAG         ;16;148,73;135,23;148,74;23/09/2025;4,75519;5;5;1;100;10;90;20;65;130;   ;1;0;ATIVO  ;                                                                                                    
55720;55720;CC ZERO BAG 5L                ;1X5L      ;UN;001-REFRIG                    ;001.130-5 LITROS              ;001.130.010-FANTA BAG         ;4;153,15;139,07;153,15;23/09/2025;5,63578;5;5;1;100;10;90;30;65;130;   ;1;0;ATIVO  ;                                                                                                    
119159;119159;ADES 200ML MORANGO C/6UN      ;6X200ML   ;CX;009-SOJA                      ;009.037-6.8 Onz / 200 ML=CC   ;009.037.303-ADES MAX          ;300;10,44;9,68;10,44; 7/10/25;0,21134;1,25;1,25;1;684;76;100;70;58;360;   ;6;0;ATIVO  ;                                                                                                    
119166;119166;DV LARANJA 200ML C/18UND      ;18X200ML  ;CX;008-SUCOS                     ;008.037-6.8 Onz / 200 ML=CC   ;008.037.234-DELL VALE MAIS    ;51;26,81;24,91;26,82;24/09/2025;0,63402;3,6;3,6;1;280;28;100;130;43;362;   ;18;0;ATIVO  ;                                                                                                    
119165;119165;DV PESSEGO 200ML C18UND       ;18X200ML  ;CX;008-SUCOS                     ;008.037-6.8 Onz / 200 ML=CC   ;008.037.234-DELL VALE MAIS    ;80;26,81;24,92;26,82;24/09/2025;0,63402;3,6;3,6;1;280;28;100;130;43;362;   ;18;0;ATIVO  ;                                                                                                    
119164;119164;DV UVA TP 200ML (18U) CP      ;18X200ML  ;CX;008-SUCOS                     ;008.037-6.8 Onz / 200 ML=CC   ;008.037.234-DELL VALE MAIS    ;127;26,82;24,92;26,82;24/09/2025;0,63402;3,6;3,6;1;280;28;100;130;43;362;   ;18;0;ATIVO  ;                                                                                                    
119116;119116;LATA 290ML ICE TEA LIMAO ZERO ;6X290ML   ;CX;004-CHAS                      ;004.007-CHA LATA 290ML        ;004.007.002-ICE TEA           ;92;14,94;13,49;14,94;24/09/2025;0,30644;1,844;1,844;1;590;59;60;258;34;122;   ;6;0;ATIVO  ;                                                                                                    
119118;119118;LATA 290ML MATTE LEAO LIMAO CG;6X290ML   ;CX;004-CHAS                      ;004.007-CHA LATA 290ML        ;004.007.001-MATTE LEAO        ;18;14,94;13,49;14,94;16/09/2025;0,30644;1,844;1,844;1;590;59;60;257;34;122;   ;6;0;ATIVO  ;                                                                                                    
139561;139561;SKYY GAR VD 980ML(1)          ;1X980ML   ;UN;012-SPIRITS                   ;012.125-VODKA                 ;012.125.002-SKYY              ;39;31,13;29,45;31,13;10/09/2025;0,17259;1,31;1;1;672;56;1;   ;47;420;   ;1;0;ATIVO  ;                                                                                                    
139437;139437;VODKA SMIRNOFF RED GAR VD 998M;1X 998ML  ;UN;012-SPIRITS                   ;012.125-VODKA                 ;012.125.001-SMIRNOFF          ;12;29,45;27,81;29,45;25/09/2025;0,17576;1,31;1;1;672;56;1;   ;47;420;   ;1;0;ATIVO  ;                                                                                                    
139560;139560;CYNAR GARRAFA VD 900ML UN     ;1X900ML   ;UN;012-SPIRITS                   ;012.122-APERITIVO             ;012.122.122-CYNAR             ;13;24,04;22,55;24,04; 9/09/25;0,1585;1;1;1;672;56;1;   ;47;420;   ;1;0;ATIVO  ;                                                                                                    
139441;139441;WHISKEY JW RED LABEL GAR VD 75;1X750ML   ;UN;012-SPIRITS                   ;012.123-WHISKY                ;012.123.002-JOHNNIE WALKER    ;15;54,42;51,43;54,79;25/09/2025;0,13208;1,31;1;1;672;56;1;   ;47;420;   ;1;0;ATIVO  ;                                                                                                    
139559;139559;SAGATIBA ENVELHECIDA GAR VD 70;1X700ML   ;UN;012-SPIRITS                   ;012.124-CACHAÇA               ;012.124.450-SAGATIBA          ;4;52,44;47,58;52,44;15/02/2023;0,12328;1,31;1;1;672;56;1;   ;47;420;   ;1;0;ATIVO  ;                                                                                                    
139738;139738;VINHO FINCA LAS MORAS CABERNET;6X750ML   ;CX;012-SPIRITS                   ;012.127-VINHO                 ;012.127.002-120 VINHOS        ;10;213,6;203,26;213,6; 5/09/25;0,79253;1,31;1;1;132;22;1;   ;69;52;   ;6;1;ATIVO  ;                                                                                                    
139736;139736;VINHO FINCA LAS MORAS MALBEC  ;6X750ML   ;CX;012-SPIRITS                   ;012.127-VINHO                 ;012.127.002-120 VINHOS        ;10;213,6;203,26;213,6; 5/09/25;0,79253;1,31;1;1;132;22;1;   ;69;52;   ;6;1;ATIVO  ;                                                                                                    
139667;139667;VINHO 3 MEDALLAS SAUV BLANC   ;1X750ML   ;UN;012-SPIRITS                   ;012.127-VINHO                 ;012.127.001-3 MEDALLAS        ;14;25,17;23,95;25,17;22/07/2025;0,13208;1,31;1;1;672;56;1;   ;47;420;   ;1;0;ATIVO  ;                                                                                                    
139666;139666;VINHO 3 MEDALLAS MERLOT 750ML ;1X750ML   ;UN;012-SPIRITS                   ;012.127-VINHO                 ;012.127.001-3 MEDALLAS        ;20;25,17;23,95;25,17;26/09/2025;0,13208;1,31;1;1;672;56;1;   ;47;420;   ;1;0;ATIVO  ;                                                                                                    
139663;139663;VINHO 3 MEDALLAS CABERNET SAUV;1X750ML   ;UN;012-SPIRITS                   ;012.127-VINHO                 ;012.127.001-3 MEDALLAS        ;16;25,17;23,95;25,17;26/09/2025;0,13208;1,31;1;1;672;56;1;   ;47;420;   ;1;0;ATIVO  ;                                                                                                    
139338;139338;CAMPARI GAR VD 748ML          ;1X748ML   ;UN;012-SPIRITS                   ;012.122-APERITIVO             ;012.122.123-CAMPARI           ;36;41,86;39,66;42,04;23/09/2025;0,13173;1,31;1;1;672;56;1;   ;47;420;   ;1;0;ATIVO  ;                                                                                                    
139664;139664;VINHO 120 CABERNET SAUV 750ML ;1X750ML   ;UN;012-SPIRITS                   ;012.127-VINHO                 ;012.127.002-120 VINHOS        ;19;36,79;35,01;36,79;19/08/2025;0,13208;1,31;1;1;672;56;1;   ;47;420;   ;1;0;ATIVO  ;                                                                                                    
139665;139665;VINHO 120 CARMENERE 750ML     ;1X750ML   ;UN;012-SPIRITS                   ;012.127-VINHO                 ;012.127.002-120 VINHOS        ;19;36,79;35,01;36,79;13/08/2025;0,13208;1,31;1;1;672;56;1;   ;47;420;   ;1;0;ATIVO  ;                                                                                                    
139668;139668;VINHO 120 CHARDONNAY SCAP750ML;1X750ML   ;UN;012-SPIRITS                   ;012.127-VINHO                 ;012.127.002-120 VINHOS        ;27;36,79;35,01;36,79;28/08/2025;0,13208;1,31;1;1;672;56;1;   ;47;420;   ;1;0;ATIVO  ;                                                                                                    
139675;139675;DREHER GAR VD 900ML 1UN       ;1X900ML   ;UN;012-SPIRITS                   ;012.121-CONHAQUE              ;012.121.120-DREHER            ;369;15,05;14,23;15,06;19/08/2025;0,1585;1,31;1;1;672;56;1;   ;47;420;   ;1;0;ATIVO  ;                                                                                                    
119065;119065;KAPO FRUTAS CITRICAS 200ML    ;12X200ML  ;CX;008-SUCOS                     ;008.037-6.8 Onz / 200 ML=CC   ;008.037.252-KAPO              ;304;17,03;15,39;17,03;17/12/2025;0,42268;2,73;2,73;1;304;28;100;40;68;361;   ;12;0;ATIVO  ;                                                                                                    
5118;118106;DV KAPO UVA TP 200ML          ;12X200ML  ;CX;008-SUCOS                     ;008.037-6.8 Onz / 200 ML=CC   ;008.037.252-KAPO              ;749;17,03;15,39;17,04;45925;0,42268;2,73;2,73;1;304;28;100;10;68;361;   ;12;0;ATIVO  ;                                                                                                    
5119;118104;DV KAPO MORANGO TP 200ML      ;12X200ML  ;CX;008-SUCOS                     ;008.037-6.8 Onz / 200 ML=CC   ;008.037.252-KAPO              ;576;17,03;15,39;17,04;45925;0,42268;2,73;2,73;1;304;28;100;20;68;361;   ;12;0;ATIVO  ;                                                                                                    
5120;118102;DV KAPO MARACUJA TP 200ML     ;12X200ML  ;CX;008-SUCOS                     ;008.037-6.8 Onz / 200 ML=CC   ;008.037.252-KAPO              ;141;17,03;15,39;17,04;45916;0,42268;2,73;2,73;1;304;28;100;50;68;361;   ;12;0;ATIVO  ;                                                                                                    
5122;118100;DV KAPO LARANJA TP 200ML      ;12X200ML  ;CX;008-SUCOS                     ;008.037-6.8 Onz / 200 ML=CC   ;008.037.252-KAPO              ;307;17,03;15,39;17,04;45923;0,42268;2,73;2,73;1;304;28;100;40;68;361;   ;12;0;ATIVO  ;                                                                                                    
119068;119068;DV KAPO MACA C/12 UND         ;12X200ML  ;CX;008-SUCOS                     ;008.037-6.8 Onz / 200 ML=CC   ;008.037.252-KAPO              ;110;17,03;15,39;17,04; 9/09/25;0,42268;2,73;2,73;1;304;28;100;60;68;361;   ;12;0;ATIVO  ;                                                                                                    
5121;118098;DV KAPO ABACAXI TP 200ML      ;12X200ML  ;CX;008-SUCOS                     ;008.037-6.8 Onz / 200 ML=CC   ;008.037.252-KAPO              ;61;17,03;15,39;17,04; 9/09/25;0,42268;2,73;2,73;1;304;28;100;30;68;361;   ;12;0;ATIVO  ;                                                                                                    
119158;119158;ADES 200ML UVA C/6UN          ;6X200ML   ;CX;009-SOJA                      ;009.037-6.8 Onz / 200 ML=CC   ;009.037.303-ADES MAX          ;229;10,44;9,68;10,44;29/07/2025;0,21134;1,25;1,25;1;684;76;100;100;58;360;   ;6;0;ATIVO  ;                                                                                                    
119156;119156;ADES 200ML MACA C/6UN         ;6X200ML   ;CX;009-SOJA                      ;009.037-6.8 Onz / 200 ML=CC   ;009.037.303-ADES MAX          ;614;10,44;9,68;10,44;23/09/2025;0,21134;1,25;1,25;1;684;76;100;80;58;360;   ;6;0;ATIVO  ;                                                                                                    
119157;119157;ADES 200ML PESSEGO C/6 UNID   ;6X200ML   ;CX;009-SOJA                      ;009.037-6.8 Onz / 200 ML=CC   ;009.037.303-ADES MAX          ;322;10,44;9,68;10,44;15/07/2025;0,21134;1,25;1,25;1;684;76;100;90;58;360;   ;6;0;ATIVO  ;                                                                                                    
119144;119144;ADES LARANJA 1 LITRO C/6 UNID ;6X1L      ;CX;009-SOJA                      ;009.191-1 LITRO               ;009.191.301-ADES FRUTAS       ;97;29,76;27,61;29,76;23/09/2025;1,05671;6,445;6,445;1;135;27;120;40;63;380;   ;6;0;ATIVO  ;                                                                                                    
119149;119149;ADES UVA 1 LITRO C/6;6X1L      ;CX;009-SOJA                      ;009.191-1 LITRO               ;009.191.301-ADES FRUTAS       ;211;29,76;27,61;29,76;26/09/2025;1,05671;6,445;6,445;1;135;27;120;30;63;380;   ;6;0;ATIVO  ;                                                                                                    
119145;119145;ADES MACA 1L CX 6UN           ;6X1L      ;CX;009-SOJA                      ;009.191-1 LITRO               ;009.191.301-ADES FRUTAS       ;135;29,76;27,61;29,76;26/09/2025;1,05671;6,445;6,445;1;135;27;120;20;63;380;   ;6;0;ATIVO  ;                                                                                                    
119148;119148;ADES PESSEGO 1L 6U            ;6X1L      ;CX;009-SOJA                      ;009.191-1 LITRO               ;009.191.301-ADES FRUTAS       ;69;29,76;27,61;29,76;23/09/2025;1,05671;6,445;6,445;1;135;27;120;60;63;380;   ;6;0;ATIVO  ;                                                                                                    
119143;119143;ADES ABACAXI 1LITRO C/6UND    ;6X1L      ;CX;009-SOJA                      ;009.191-1 LITRO               ;009.191.301-ADES FRUTAS       ;56;29,76;27,61;29,76;22/09/2025;1,05671;6,445;6,445;1;135;27;120;50;63;380;   ;6;0;ATIVO  ;                                                                                                    
118953;118953;ADES BAUNILHA 1L;6X1L      ;CX;009-SOJA                      ;009.191-1 LITRO               ;009.191.302-ADES ORIGINAL     ;                    ;50,88;47,28;50,88; 6/06/25;1,05671;6,445;6,445;1;135;27;120;80;63;380;   ;6;0;ATIVO  ;                                                                                                    
5815;118068;DV UVA LIGHT TP 1L    C/6;6X1L      ;CX;008-SUCOS                     ;008.027-33.8 Onz / 1 LITRO    ;008.027.234-DELL VALE MAIS    ;162;35,22;32,72;35,22;25/09/2025;1,05671;6,63;6,63;1;160;32;120;190;50;381;   ;6;0;ATIVO  ;                                                                                                    
5793;118065;DV MARACUJA 1L      C/6 ;6X1L      ;CX;008-SUCOS                     ;008.027-33.8 Onz / 1 LITRO    ;008.027.234-DELL VALE MAIS    ;47;35,16;32,67;35,16;16/09/2025;1,05671;6,63;6,63;1;160;32;120;180;50;381;   ;6;0;ATIVO  ;                                                                                                    
8812;118812;DV 100% UVA 1L C/6;6X1L      ;CX;008-SUCOS                     ;008.027-33.8 Onz / 1 LITRO    ;008.027.234-DELL VALE MAIS    ;133;65,15;60,54;65,16;16/09/2025;1,05671;6,63;6,63;1;160;32;120;230;50;381;   ;6;0;ATIVO  ;                                                                                                    
5783;118062;DV LARANJA TP 1L     C/6;6X1L      ;CX;008-SUCOS                     ;008.027-33.8 Onz / 1 LITRO    ;008.027.234-DELL VALE MAIS    ;141;35,16;32,67;35,16;22/09/2025;1,05671;6,63;6,63;1;160;32;120;160;50;381;   ;6;0;ATIVO  ;                                                                                                    
119168;119168;DV MANGA 1L       C/6;6X1L      ;CX;008-SUCOS                     ;008.027-33.8 Onz / 1 LITRO    ;008.027.234-DELL VALE MAIS    ;82;33,23;30,88;33,24; 9/09/25;1,05671;6,63;6,63;1;160;32;120;135;50;381;   ;6;0;ATIVO  ;                                                                                                    
119167;119167;DV ABACAXI 1L        C/6;6X1L      ;CX;008-SUCOS                     ;008.027-33.8 Onz / 1 LITRO    ;008.027.234-DELL VALE MAIS    ;180;33,23;30,88;33,24;23/09/2025;1,05671;6,63;6,63;1;160;32;120;200;50;381;   ;6;0;ATIVO  ;                                                                                                    
5814;118067;DV PESSEGO TP 1L      C/6;6X1L      ;CX;008-SUCOS                     ;008.027-33.8 Onz / 1 LITRO    ;008.027.234-DELL VALE MAIS    ;282;35,15;32,67;35,16;25/09/2025;1,05671;6,63;6,63;1;160;32;120;140;50;381;   ;6;0;ATIVO  ;                                                                                                    
5849;118069;DV UVA 1L C/6     C/6;6X1L      ;CX;008-SUCOS                     ;008.004-10.1 Onz / 300 ML=CC  ;008.004.061-DEL VALLE         ;248;35,21;32,72;35,22;25/09/2025;1,05671;6,63;6,63;1;160;32;120;130;50;381;   ;6;0;ATIVO  ;                                                                                                    
5763;118055;DV CAJU TP 1L      C/6;6X1L      ;CX;008-SUCOS                     ;008.027-33.8 Onz / 1 LITRO    ;008.027.234-DELL VALE MAIS    ;88;33,23;30,88;33,24;28/08/2025;1,05671;6,63;6,63;1;160;32;120;150;50;381;   ;6;0;ATIVO  ;                                                                                                    
118828;118828;DV 100% MACA 1 LITRO C/6;6X1L      ;CX;008-SUCOS                     ;008.027-33.8 Onz / 1 LITRO    ;008.027.234-DELL VALE MAIS    ;19;46,92;43,6;46,92; 2/09/25;1,05671;6,63;6,63;1;160;32;120;230;50;381;   ;6;0;ATIVO  ;                                                                                                    
118882;118882;DV PESSEGO LATA 290ML         ;6X290ML   ;CX;008-SUCOS                     ;008.082-290ml / 9,8oz         ;008.082.234-DELL VALE MAIS    ;504;14,34;13,32;14,34;23/09/2025;0,30644;1,844;1,844;1;590;59;60;250;34;122;   ;6;0;ATIVO  ;                                                                                                    
119169;119169;DV MANGA LATA 290ML C6UND     ;6X290ML   ;CX;008-SUCOS                     ;008.082-290ml / 9,8oz         ;008.082.234-DELL VALE MAIS    ;724;14,34;13,32;14,34;25/09/2025;0,30644;1,844;1,844;1;590;59;60;280;34;122;   ;6;0;ATIVO  ;                                                                                                    
118878;118878;DV GOIABA LATA 290ML          ;6X290ML   ;CX;008-SUCOS                     ;008.082-290ml / 9,8oz         ;008.082.234-DELL VALE MAIS    ;836;14,33;13,32;14,34;25/09/2025;0,30644;1,844;1,844;1;590;59;60;270;34;122;   ;6;0;ATIVO  ;                                                                                                    
118884;118884;DV UVA LT 290ML 6U FL         ;6X290ML   ;CX;008-SUCOS                     ;008.082-290ml / 9,8oz         ;008.082.234-DELL VALE MAIS    ;578;14,33;13,32;14,34;23/09/2025;0,30644;1,844;1,844;1;590;59;60;260;34;122;   ;6;0;ATIVO  ;                                                                                                    
118880;118880;DV MARACUJA LATA 290ML        ;6X290ML   ;CX;008-SUCOS                     ;008.082-290ml / 9,8oz         ;008.082.234-DELL VALE MAIS    ;605;15,6;14,49;15,6;25/09/2025;0,30644;1,844;1,844;1;590;59;60;290;34;122;   ;6;0;ATIVO  ;                                                                                                    
56053;56053;LATA 220ML CC 12UN            ;12X220ML  ;CX;001-REFRIG                    ;001.077-220ml / 7,4oz         ;001.077.049-COCA COLA         ;892;21,35;19,59;21,36;25/09/2025;0,46495;2,902;2,902;1;392;28;40;50;15;59;   ;12;3;ATIVO  ;                                                                                                    
56324;56324;LATA 220ML SPRITE C/6         ;6X220ML   ;CX;001-REFRIG                    ;001.077-220ml / 7,4oz         ;001.077.068-FANTA             ;84;9,78;8,97;9,78;16/09/2025;0,23247;1,434;1,434;1;826;59;60;100;21;115;   ;6;3;ATIVO  ;                                                                                                    
56343;56343;LATA 220ML KUAT C/6           ;6X220ML   ;CX;001-REFRIG                    ;001.077-220ml / 7,4oz         ;001.077.068-FANTA             ;17;8,99;8,27;8,99;26/08/2025;0,23247;1,434;1,434;1;826;59;60;120;21;115;   ;6;3;ATIVO  ;                                                                                                    
56337;56337;LATA 220ML FTA GUARANA C/6    ;6X220ML   ;CX;001-REFRIG                    ;001.077-220ml / 7,4oz         ;001.077.068-FANTA             ;55;9,24;8,51;9,24;16/09/2025;0,23247;1,434;1,434;1;826;59;60;130;21;115;   ;6;3;ATIVO  ;                                                                                                    
56339;56339;LATA 220ML FTA LARANJA C/6    ;6X220ML   ;CX;001-REFRIG                    ;001.077-220ml / 7,4oz         ;001.077.068-FANTA             ;562;9,77;8,98;9,78; 9/09/25;0,23247;1,434;1,434;1;826;59;60;90;21;115;   ;6;3;ATIVO  ;                                                                                                    
56341;56341;LATA 220ML FTA UVA C/6        ;6x220ML   ;CX;001-REFRIG                    ;001.077-220ml / 7,4oz         ;001.077.068-FANTA             ;116;9,77;8,98;9,78;16/09/2025;0,23247;1,434;1,434;1;826;59;60;110;21;115;   ;6;3;ATIVO  ;                                                                                                    
56287;56287;LATA 220ML CC CAFE ESPR C/6   ;6X220ML   ;CX;001-REFRIG                    ;001.077-220ml / 7,4oz         ;001.077.049-COCA COLA         ;551;10,79;9,89;10,8;15/09/2025;0,23247;1,434;1,434;1;826;59;60;80;21;115;   ;6;3;ATIVO  ;                                                                                                    
56335;56335;LATA 220ML CC SEM ACUCAR C/6  ;6X220ML   ;CX;001-REFRIG                    ;001.077-220ml / 7,4oz         ;001.077.048-COCA-COLA ZERO    ;1197;10,73;9,85;10,74;25/09/2025;0,23247;1,434;1,434;1;826;59;60;70;21;115;   ;6;3;ATIVO  ;                                                                                                    
139753;139753;LATA 269ML ABSOLUT VODKA SPRIT;6X269ML   ;CX;014-MIXED DRINKS              ;014.126-LATA 269ML            ;014.126.002-SCHWEPPES         ;15;35,04;32,98;35,04;19/08/2025;0,28425;1,7;1,7;1;708;59;60;322;27;411;   ;6;0;ATIVO  ;                                                                                                    
143010;143010;LATA269ML JACK E COKE C/6     ;6X269ML   ;CX;014-MIXED DRINKS              ;014.127-LATA 350ML            ;014.127.001-JACK DANIEL´S     ;29;38,94;36,66;38,94;26/08/2025;0,28425;2,284;2,284;1;540;45;60;310;22;120;   ;6;6;ATIVO  ;                                                                                                    
56292;56292;TONICA SEM ACUCAR LATA 350MLC6;6X350ML   ;CX;001-REFRIG                    ;001.063-11.8Onz/350ML=CC      ;001.063.153-SCHWEPPES         ;3;14,33;13,24;14,33;45916;0,36984;2,284;2,284;1;540;45;60;60;22;120;   ;6;6;ATIVO  ;                                                                                                    
56051;56051;COCA COLA LATA 310ML MAINLINE ;6X310ML   ;CX;001-REFRIG                    ;001.124-310ml / 10,5oz        ;001.124.042-COCA-COLA         ;633;14,51;13,33;14,51;23/09/2025;0,32758;2,03;2,03;1;590;59;60;310;34;122;   ;6;0;ATIVO  ;                                                                                                    
55247;55247;SPRITE SEM ACUCAR LAT 350ML C6;6X350ML   ;CX;001-REFRIG                    ;001.063-11.8Onz/350ML=CC      ;001.063.174-SPRITE            ;616;13,5;12,56;13,5;45923;0,36984;2,284;2,284;1;540;45;60;31;22;120;   ;6;6;ATIVO  ;                                                                                                    
8533;55404;COCA COLA LATA 350ML C/12     ;12X350ML  ;CX;001-REFRIG                    ;001.063-11.8Onz/350ML=CC      ;001.063.042-COCA-COLA         ;4389;30,23;27,87;30,24;45926;0,73969;4,378;4,378;1;264;22;40;10;41;125;   ;12;3;ATIVO  ;                                                                                                    
56760;56760;FANTA MARACUJÁ LATA 350ML C/6 ;6X350ML  ;CX;001-REFRIG                    ;001.063-11.8Onz/350ML=CC      ;001.063.068-FANTA             ;439;13,38;12,38;13,38; 2/09/25;0,36984;2,284;2,284;1;540;45;60;20;22;120;   ;6;6;ATIVO  ;                                                                                                    
56074;56074;FANTA GUA LT 350ML 6U;6X350ML   ;CX;001-REFRIG                    ;001.063-11.8Onz/350ML=CC      ;001.063.068-FANTA             ;467;13,01;12,06;13,02;45922;0,36984;2,284;2,284;1;540;45;60;40;22;120;   ;6;6;ATIVO  ;                                                                                                    
56010;56010;KUAT LATA 350ML C/6           ;6X350ML   ;CX;001-REFRIG                    ;001.004-10.1 Onz / 300 ML=CC  ;001.004.238-KUAT              ;470;12,24;11,33;12,24;25/09/2025;0,36984;2,284;2,284;1;540;45;60;30;22;120;   ;6;6;ATIVO  ;                                                                                                    
9390;55380;SCHWEPPES TONICA LATA 350ML   ;6X350ML   ;CX;001-REFRIG                    ;001.063-11.8Onz/350ML=CC      ;001.063.153-SCHWEPPES         ;157;14,34;13,24;14,34; 9/09/25;0,36984;2,284;2,284;1;540;45;60;50;22;120;   ;6;6;ATIVO  ;                                                                                                    
55445;55445;FANTA LARANJA LATA 350ML C/6     ;6X350ML   ;CX;001-REFRIG                    ;001.063-11.8Onz/350ML=CC      ;001.063.068-FANTA             ;439;13,38;12,38;13,38; 2/09/25;0,36984;2,284;2,284;1;540;45;60;20;22;120;   ;6;6;ATIVO  ;                                                                                                    
56312;56312;SCHW CITRUS ORIGINAL LT 350ML ;6X350ML   ;CX;001-REFRIG                    ;001.063-11.8Onz/350ML=CC      ;001.063.153-SCHWEPPES         ;857;15,47;14,26;15,48;45923;0,36984;2,284;2,284;1;540;45;60;40;22;120;   ;6;6;ATIVO  ;                                                                                                    
56856;56856;LATA 350ML FTA MISTERIO CHUCKY;6X350ML   ;CX;001-REFRIG                    ;001.063-11.8Onz/350ML=CC      ;001.063.068-FANTA             ;2118;13,5;12,49;13,5;45923;0,36984;2,284;2,284;1;540;45;60;40;22;120;   ;6;6;ATIVO  ;                                                                                                    
8678;55441;FANTA LARANJA LATA 350ML C/12 ;12X350ML  ;CX;001-REFRIG                    ;001.063-11.8Onz/350ML=CC      ;001.063.068-FANTA             ;720;26,99;24,98;27;45926;0,73969;4,378;4,378;1;264;22;40;20;41;125;   ;12;3;ATIVO  ;                                                                                                    
9334;55573;COCA COLA ZERO LATA 350ML C12 ;12X350ML  ;CX;001-REFRIG                    ;001.063-11.8Onz/350ML=CC      ;001.063.048-COCA-COLA ZERO    ;2638;30,23;27,89;30,24;45925;0,73969;4,378;4,378;1;264;22;40;30;41;125;   ;12;3;ATIVO  ;                                                                                                    
55286;55286;FANTA UVA LATA 350ML C/6      ;6X350ML   ;CX;001-REFRIG                    ;001.004-10.1 Onz / 300 ML=CC  ;001.004.042-COCA-COLA         ;1001;13,49;12,49;13,49;30/09/2025;0,36984;2,284;2,284;1;540;45;60;30;22;120;   ;6;6;ATIVO  ;                                                                                                    
56267;56267;SPRITE LATA 350ML C/6         ;6X350ML   ;CX;001-REFRIG                    ;001.063-11.8Onz/350ML=CC      ;001.063.174-SPRITE            ;551,0000001;13,49;12,5;13,5;45923;0,36984;2,284;2,284;1;540;45;60;30;22;120;   ;6;6;ATIVO  ;                                                                                                    
119598;119598;MONSTER J RIO PUNCH LT 473ML F;6X473ML   ;CX;005-ENERGETICO                ;005.018-16.9 Onz / 500 ML=CC  ;005.018.282-Monster           ;5;37,86;34,65;37,86;17/09/2025;0,49982;3,34;3,34;1;360;45;60;140;31;160;   ;6;0;ATIVO  ;                                                                                                    
119170;119170;MONSTER PACIFIC PUNCH LT 473ML;6X473ML   ;CX;005-ENERGETICO                ;005.018-16.9 Onz / 500 ML=CC  ;005.018.282-Monster           ;382;37,86;34,65;37,86; 5/09/25;0,49982;3,34;3,34;1;360;45;60;160;31;160;   ;6;0;ATIVO  ;                                                                                                    
118650;118650;MONSTER KHAOTIC LT 473ML 06   ;6X473ML   ;CX;005-ENERGETICO                ;005.017-16 Onz / 473 ML=CC    ;005.017.282-Monster           ;79;37,85;34,64;37,86; 5/08/25;0,49982;3,34;3,34;1;360;45;60;150;31;160;   ;6;0;ATIVO  ;                                                                                                    
119509;119509;MONSTER PIPELINE PUNCH LT 473M;6X473ML   ;CX;005-ENERGETICO                ;005.017-16 Onz / 473 ML=CC    ;005.017.282-Monster           ;351;37,85;34,65;37,86;23/09/2025;0,49982;3,34;3,34;1;360;45;60;180;31;160;   ;6;0;ATIVO  ;                                                                                                    
119521;119521;MONSTER ULTRA WATERMELON LT 47;6X473ML   ;CX;005-ENERGETICO                ;005.017-16 Onz / 473 ML=CC    ;005.017.282-Monster           ;393;37,85;34,65;37,86; 9/09/25;0,49982;3,34;3,34;1;360;45;60;191;31;160;   ;6;0;ATIVO  ;                                                                                                    
118469;118469;MONSTER E. ZERO ACUCAR 473ML6 ;6X473ML   ;CX;005-ENERGETICO                ;005.017-16 Onz / 473 ML=CC    ;005.017.282-Monster           ;584;37,86;34,65;37,86;26/09/2025;0,49982;3,34;3,34;1;360;45;60;140;31;160;   ;6;0;ATIVO  ;                                                                                                    
119586;119586;MONSTER U PEACHY KEEN LATA 473;6X473ML   ;CX;005-ENERGETICO                ;005.018-16.9 Onz / 500 ML=CC  ;005.018.282-Monster           ;272;37,86;34,65;37,86;28/08/2025;0,49982;3,34;3,34;1;360;45;60;140;31;160;   ;6;0;ATIVO  ;                                                                                                    
118473;118473;MONSTER U FIESTA MANGO LT473ML;6X473ML   ;CX;005-ENERGETICO                ;005.017-16 Onz / 473 ML=CC    ;005.017.282-Monster           ;439;37,86;34,65;37,86;19/09/2025;0,49982;3,34;3,34;1;360;45;60;140;31;160;   ;6;0;ATIVO  ;                                                                                                    
118984;118984;MONSTER ABSOLUTELY ZERO LATA  ;6X473ML   ;CX;005-ENERGETICO                ;005.018-16.9 Onz / 500 ML=CC  ;005.018.282-Monster           ;586;37,85;34,65;37,86;26/09/2025;0,49982;3,34;3,34;1;360;45;60;200;31;160;   ;6;0;ATIVO  ;                                                                                                    
119026;119026;MONSTER ULTRA VIOLET LT 473ML ;6X473ML   ;CX;005-ENERGETICO                ;005.018-16.9 Onz / 500 ML=CC  ;005.018.282-Monster           ;182;37,85;34,65;37,86; 2/09/25;0,49982;3,34;3,34;1;360;45;60;190;31;160;   ;6;0;ATIVO  ;                                                                                                    
118461;118461;MONSTER ULTRA LT 473ML 6PACK F;6X473ML   ;CX;005-ENERGETICO                ;005.018-16.9 Onz / 500 ML=CC  ;005.018.282-Monster           ;550;37,85;34,65;37,86;26/09/2025;0,49982;3,34;3,34;1;360;45;60;180;31;160;   ;6;0;ATIVO  ;                                                                                                    
118990;118990;MONSTER MANGO LOCO LATA 473ML ;6X473ML   ;CX;005-ENERGETICO                ;005.018-16.9 Onz / 500 ML=CC  ;005.018.282-Monster           ;656;37,86;34,65;37,86;25/09/2025;0,49982;3,34;3,34;1;360;45;60;160;31;160;   ;6;0;ATIVO  ;                                                                                                    
8463;118463;MONSTER ENERGY LATA 473 C/6   ;6X473ML   ;CX;005-ENERGETICO                ;005.018-16.9 Onz / 500 ML=CC  ;005.018.282-Monster           ;2017;37,85;34,65;37,86;25/09/2025;0,49982;3,34;3,34;1;360;45;60;140;31;160;   ;6;0;ATIVO  ;                                                                                                    
119107;119107;MONSTER DRAG TEA LIMAO LT 473M;6X473ML   ;CX;005-ENERGETICO                ;005.018-16.9 Onz / 500 ML=CC  ;005.018.282-Monster           ;                    ;37,86;34,65;37,86;20/08/2025;0,49982;3,34;3,34;1;360;45;60;210;31;160;   ;6;0;ATIVO  ;                                                                                                    
119142;119142;REIGN MELON MANIA LATA 473ML 6;6X473ML   ;CX;005-ENERGETICO                ;005.018-16.9 Onz / 500 ML=CC  ;005.018.282-Monster           ;21;38,94;36,39;38,94;10/09/2025;0,49982;3,34;3,34;1;360;45;60;230;31;160;   ;6;0;ATIVO  ;                                                                                                    
119141;119141;REIGN LEMON HDZ LATA 473ML C/6;6X473ML   ;CX;005-ENERGETICO                ;005.018-16.9 Onz / 500 ML=CC  ;005.018.282-Monster           ;14;38,94;36,39;38,94;12/09/2025;0,49982;3,34;3,34;1;360;45;60;220;31;160;   ;6;0;ATIVO  ;                                                                                                    
139766;139766;LATA 350ML CERPA EXPORT 12UND ;12X350ML  ;CX;002-CERVEJA                   ;002.063-11.8Onz/350ML         ;002.063.090-CERPA             ;104;51;46,94;51;29/07/2025;0,73969;4,594;4,594;1;280;28;40;70;23;122;   ;12;0;ATIVO  ;                                                                                                    
139765;139765;LN 350ML CERPA EXPORT C6      ;6X350ML   ;CX;002-CERVEJA                   ;002.063-11.8Onz/350ML         ;002.063.090-CERPA             ;142;30,42;28,02;30,42;29/07/2025;0,36984;3,405;3,405;1;350;50;70;40;48;241;   ;6;0;ATIVO  ;                                                                                                    
139651;139651;THZ 500ML EBENHOLZ DUNKEL C/6U;6X500ML   ;CX;002-CERVEJA                   ;002.144-500ML                 ;002.144.145-THEREZÓPOLIS      ;3;45,12;42,09;45,12;24/09/2025;0,52835;3,5;3,5;1;180;30;70;90;85;10;   ;6;0;ATIVO  ;                                                                                                    
139652;139652;THZ 500ML ELFELBEIN WEISSIBIER;1X500ML   ;CX;002-CERVEJA                   ;002.144-500ML                 ;002.144.145-THEREZÓPOLIS      ;4;45,12;42,09;45,12;24/09/2025;0,52835;3,5;3,5;1;180;30;70;90;85;10;   ;6;0;ATIVO  ;                                                                                                    
139653;139653;THZ 500ML JADE IPA C/6UND     ;6X500ML   ;CX;002-CERVEJA                   ;002.144-500ML                 ;002.144.145-THEREZÓPOLIS      ;1;45,12;42,09;45,12;24/09/2025;0,52835;3,5;3,5;1;180;30;70;90;85;10;   ;6;0;ATIVO  ;                                                                                                    
902391;139471;EISENBAHN LT 473ML 12U PILSEN ;12X473ML  ;CX;002-CERVEJA                   ;002.017-16 Onz / 473 ML=CC    ;002.017.008-BAVARIA           ;151;44,61;40,96;44,61;26/08/2025;0,99964;7,92;7,92;1;198;22;40;22;16;30;   ;12;0;ATIVO  ;                                                                                                    
903750;139474;LATA 350ML EISENBAHN PILSEN 12;12X350ML  ;CX;002-CERVEJA                   ;002.063-11.8Onz/350ML         ;002.063.241-EISENBAHN         ;188;35,7;32,96;35,7;26/08/2025;0,73969;4,594;4,594;1;280;28;40;70;23;122;   ;12;0;ATIVO  ;                                                                                                    
139421;139421;BAVARIA LATA 350ML 12UNID     ;12X350ML  ;CX;002-CERVEJA                   ;002.063-11.8Onz/350ML         ;002.063.008-BAVARIA           ;4752;25,89;23,82;25,89;30/09/2025;0,73969;4,394;4,394;1;264;22;40;90;41;125;   ;12;3;ATIVO  ;                                                                                                    
903394;139289;CERV.KAISER LATA 350ML C/12UN ;12X350ML  ;CX;002-CERVEJA                   ;002.063-11.8Onz/350ML         ;002.063.088-KAISER            ;519;27,67;25,44;27,67;31/10/2025;0,73969;4,394;4,394;1;264;22;40;110;41;125;   ;12;3;ATIVO  ;                                                                                                    
904771;139682;LN 355ML EIS UNFILTERED C/6UN ;6X355ML   ;CX;002-CERVEJA                   ;002.012-12 Onz / 355/354 ML=  ;002.012.241-EISENBAHN         ;350;22,01;20,36;22,01; 3/12/25;0,37513;3,405;3,405;1;350;50;70;40;48;241;   ;6;0;ATIVO  ;                                                                                                    
905271;139752;SOL PREMIUM 0,0% LN 330ML 6UN ;6X330ML   ;CX;002-CERVEJA                   ;002.060-11.15Onz/330ML=CC     ;002.060.279-SOL PREMIUM       ;728;23,1;21,1;23,1; 3/12/25;0,34871;3,405;3,405;1;364;52;70;22;49;240;   ;6;0;ATIVO  ;                                                                                                    
139649;139649;LN 355ML THEREZOP LAGER  C/6UN;6X355ML   ;CX;002-CERVEJA                   ;002.012-12 Onz / 355/354 ML=  ;002.012.243-THEREZÓPOLIS      ;55;24,42;22,43;24,42;30/06/2025;0,37513;3,405;3,405;1;350;50;70;40;48;241;   ;6;0;ATIVO  ;                                                                                                    
904701;139367;LN 330ML SOL PREMIUM C/6UND   ;6X330ML   ;CX;002-CERVEJA                   ;002.060-11.15Onz/330ML=CC     ;002.060.279-SOL PREMIUM       ;2;25,46;23,4;25,46;31/03/2025;0,34871;3,405;3,405;1;364;52;70;22;49;240;   ;6;0;ATIVO  ;                                                                                                    
139680;139680;LN 355ML E.GALICIA PILSEN C/6U;6X355ML   ;CX;002-CERVEJA                   ;002.012-12 Onz / 355/354 ML=  ;002.012.143-ESTRELLA GALICIA  ;241;30,6;28,18;30,6; 9/09/25;0,37513;3,405;3,405;1;350;50;70;40;48;241;   ;6;0;ATIVO  ;                                                                                                    
901781;139613;LN 355ML EISENBAHN C6UND      ;6X355ML   ;CX;002-CERVEJA                   ;002.012-12 Onz / 355/354 ML=  ;002.012.241-EISENBAHN         ;1221;21,95;20,34;21,95;26/08/2025;0,37513;3,405;3,405;1;350;50;70;40;48;241;   ;6;0;ATIVO  ;                                                                                                    
56298;56298;PET 200ML COCA COLA 12UND     ;12X200ML  ;CX;001-REFRIG                    ;001.037-6.8 Onz / 200 ML=CC   ;001.037.042-COCA-COLA         ;4003;14,39;13,3;14,4;26/09/2025;0,42268;2,682;2,682;1;360;40;55;105;18;110;   ;12;3;ATIVO  ;                                                                                                    
56560;56560;PET 200ML FTA GUARANA 12 UNID ;12X200ML  ;CX;001-REFRIG                    ;001.037-6.8 Onz / 200 ML=CC   ;001.037.068-FANTA             ;                    ;13,92;12,84;13,92;28/08/2025;0,42268;2,682;2,682;1;360;40;55;130;18;110;   ;12;3;ATIVO  ;                                                                                                    
56561;56561;PET 200ML FTA LAR C/12        ;12X200ML  ;CX;001-REFRIG                    ;001.037-6.8 Onz / 200 ML=CC   ;001.037.068-FANTA             ;715;13,91;12,85;13,92;26/09/2025;0,42268;2,682;2,682;1;360;40;55;120;18;110;   ;12;3;ATIVO  ;                                                                                                    
56443;56443;PET 200ML CC S ACUCAR C/12    ;12X200ML  ;CX;001-REFRIG                    ;001.037-6.8 Onz / 200 ML=CC   ;001.037.048-COCA-COLA ZERO    ;1467;14,16;13,09;14,16;25/09/2025;0,42268;2,682;2,682;1;360;40;55;110;18;110;   ;12;3;ATIVO  ;                                                                                                    
7325;92522;CRYSTAL PET 500ML COM GAS     ;12X500ML  ;CX;003-AGUA                      ;003.018-16.9 Onz / 500 ML=CC  ;003.018.226-CRYSTAL           ;1171;14,77;14,77;14,76;25/09/2025;1,05671;6,295;6,295;1;168;24;80;210;33;240;   ;12;0;ATIVO  ;                                                                                                    
7331;92527;CRYSTAL PET 500ML SEM/G       ;12X500ML  ;CX;003-AGUA                      ;003.018-16.9 Onz / 500 ML=CC  ;003.018.226-CRYSTAL           ;2154;12,99;12,99;12,84;25/09/2025;1,05671;6,295;6,295;1;168;24;80;205;33;240;   ;12;0;ATIVO  ;                                                                                                    
119514;119514;POWERADE FRUTAS TROPICAIS PET ;6X500ML   ;CX;007-ISOTONICO                 ;007.018-16.9 Onz / 500 ML=CC  ;007.018.140-POWERADE          ;309;16,5;15,18;16,5;23/09/2025;0,52835;3,21;3,21;1;315;45;110;355;42;375;   ;6;6;ATIVO  ;                                                                                                    
119555;119555;POWERADE TANGERINA PET 500ML 0;6X500ML   ;CX;007-ISOTONICO                 ;007.018-16.9 Onz / 500 ML=CC  ;007.018.140-POWERADE          ;444;16,49;15,18;16,5;28/08/2025;0,52835;3,21;3,21;1;315;45;110;350;42;375;   ;6;6;ATIVO  ;                                                                                                    
119513;119513;POWERADE LIMAO PET 500ML 06   ;6X500ML   ;CX;007-ISOTONICO                 ;007.018-16.9 Onz / 500 ML=CC  ;007.018.140-POWERADE          ;286;16,5;15,18;16,5;28/08/2025;0,52835;3,21;3,21;1;315;45;110;360;42;375;   ;6;6;ATIVO  ;                                                                                                    
119512;119512;POWERADE LARANJA PET 500ML C/6;6X500ML   ;CX;007-ISOTONICO                 ;007.018-16.9 Onz / 500 ML=CC  ;007.018.140-POWERADE          ;376;16,5;15,18;16,5;23/09/2025;0,52835;3,21;3,21;1;315;45;110;370;42;375;   ;6;6;ATIVO  ;                                                                                                    
6949;118198;POWERADE MOUNTAIN BLAST PT500 ;6X500ML   ;CX;007-ISOTONICO                 ;007.018-16.9 Onz / 500 ML=CC  ;007.018.140-POWERADE          ;477;16,5;15,18;16,5;23/09/2025;0,52835;3,21;3,21;1;315;45;110;345;42;375;   ;6;6;ATIVO  ;                                                                                                    
118200;118200;POWERADE UVA S.CAP PT500 06 CP;6X500ML   ;CX;007-ISOTONICO                 ;007.018-16.9 Onz / 500 ML=CC  ;007.018.140-POWERADE          ;591;16,5;15,18;16,5;23/09/2025;0,52835;3,21;3,21;1;315;45;110;365;42;375;   ;6;6;ATIVO  ;                                                                                                    
119601;119601;POWERADE ZERO MOUNT BLAST 500M;6X500ML   ;CX;007-ISOTONICO                 ;007.018-16.9 Onz / 500 ML=CC  ;007.018.140-POWERADE          ;380;16,5;15,18;16,5;17/12/2025;0,52835;3,21;3,21;1;315;45;110;345;42;375;   ;6;6;ATIVO  ;                                                                                                    
119594;119594;POWERADE SOUR PET 500ML 06 CP ;6X500ML   ;CX;007-ISOTONICO                 ;007.018-16.9 Onz / 500 ML=CC  ;007.018.140-POWERADE          ;589;16,5;15,18;16,5;23/09/2025;0,52835;3,21;3,21;1;315;45;110;365;42;375;   ;6;6;ATIVO  ;                                                                                                    
119135;119135;DV FRUT FRUTAS CITRICAS 450ML ;6X450ML   ;CX;008-SUCOS                     ;008.015-15.2 Onz / 450 ML=CC  ;008.015.231-DEL VALLE FRUT    ;110;12,9;11,65;12,9;26/09/2025;0,47552;2,958;2,958;1;315;45;110;395;59;370;   ;6;7;ATIVO  ;                                                                                                    
118955;118955;DV FRUT LARANJA PET 450ML (6) ;6X450ML   ;CX;008-SUCOS                     ;008.015-15.2 Onz / 450 ML=CC  ;008.015.231-DEL VALLE FRUT    ;367;12,89;11,65;12,9;26/09/2025;0,47552;2,958;2,958;1;315;45;110;390;59;370;   ;6;7;ATIVO  ;                                                                                                    
118798;118798;DV FRUT UVA PET 450ML 6P CP   ;6X450ML   ;CX;008-SUCOS                     ;008.015-15.2 Onz / 450 ML=CC  ;008.015.231-DEL VALLE FRUT    ;338;12,89;11,65;12,9;26/09/2025;0,47552;1,844;1,844;1;315;45;110;380;59;370;   ;6;7;ATIVO  ;                                                                                                    
118795;118795;DV FRUT LARANJA PET 1L 6P CP  ;6X1L      ;CX;008-SUCOS                     ;008.027-33.8 Onz / 1 LITRO    ;008.027.279-DEL VALLE FRUT    ;                    ;17,61;15,92;17,63;10/09/2025;1,05671;6,22;6,22;1;132;22;50;95;69;52;   ;6;1;ATIVO  ;                                                                                                    
118783;118783;DV FRUT UVA PET 1L 6P CP      ;6X1L      ;CX;008-SUCOS                     ;008.027-33.8 Onz / 1 LITRO    ;008.027.279-DEL VALLE FRUT    ;                    ;17,63;15,93;17,64; 2/09/25;1,05671;6,22;6,22;1;132;22;50;100;69;52;   ;6;1;ATIVO  ;                                                                                                    
92650;92652;CRYSTAL PET 1L                ;6X1L      ;CX;003-AGUA                      ;003.027-33.8 Onz / 1 LITRO    ;003.027.226-CRYSTAL           ;131;12,76;12,76;13,08;24/09/2025;1,05671;6,38;6,38;1;140;28;50;90;40;244;   ;6;0;ATIVO  ;                                                                                                    
56353;56353;CC 250ML VIDRO OW C12U        ;12X250ML  ;CX;001-REFRIG                    ;001.142-CC 250ML OW           ;001.142.142-CC                ;196;29,76;27,11;29,76;30/09/2025;0,52835;3,1;3,1;1;196;28;70;39;7;2;   ;12;7;ATIVO  ;                                                                                                    
56238;56238;SPRITE REFRESH PET 510ML FL 6U;6X510ML   ;CX;001-REFRIG                    ;001.143-510ML                 ;001.143.001-SPRITE FRESH      ;982;13,56;12,54;13,56;25/09/2025;0,53892;3,6;3,6;1;392;56;110;341;56;242;   ;6;5;ATIVO  ;                                                                                                    
55994;55994;PET 1L CC ZERO 6U FL          ;6X1L      ;CX;001-REFRIG                    ;001.027-33.8 Onz / 1 LITRO    ;001.027.042-COCA-COLA         ;141;28,08;25,6;28,08;25/09/2025;1,05671;6,485;6,485;1;150;30;50;70;11;49;   ;6;1;ATIVO  ;                                                                                                    
55993;55993;CC PET 1 LITRO CX C/06        ;6X1L      ;CX;001-REFRIG                    ;001.027-33.8 Onz / 1 LITRO    ;001.027.042-COCA-COLA         ;221;28,14;25,67;28,14;25/09/2025;1,05671;6,485;6,485;1;150;30;50;70;11;49;   ;6;1;ATIVO  ;                                                                                                    
92721;92721;C SPARKL. LIMAO PT510         ;6X510ML   ;CX;003-AGUA                      ;003.018-16.9 Onz / 500 ML=CC  ;003.018.226-CRYSTAL           ;12;10,26;9,44;10,26;45916;0,53892;2,319;2,319;1;392;56;110;300;56;242;   ;6;5;ATIVO  ;                                                                                                    
92808;92808;C SPARKL. MELANCIA PT510      ;6X510ML   ;CX;003-AGUA                      ;003.018-16.9 Onz / 500 ML=CC  ;003.018.226-CRYSTAL           ;13;10,26;9,49;10,26;45889;0,53892;2,319;2,319;1;392;56;110;310;56;242;   ;6;5;ATIVO  ;                                                                                                    
92723;92723;C SPARKL.FRUTAS VERMELHA PT510;6X510ML   ;CX;003-AGUA                      ;003.018-16.9 Onz / 500 ML=CC  ;003.018.226-CRYSTAL           ;                    ;10,26;9,46;10,26; 2/09/25;0,53892;4,638;4,638;1;392;56;110;315;56;242;   ;6;5;ATIVO  ;                                                                                                    
92701;92701;C SPARKL.TANGERIN CAPLIM PT510;6X510ML   ;CX;003-AGUA                      ;003.018-16.9 Onz / 500 ML=CC  ;003.018.226-CRYSTAL           ;                    ;10,26;9,45;10,26; 2/09/25;0,53892;2,319;2,319;1;392;56;110;305;56;242;   ;6;5;ATIVO  ;                                                                                                    
118637;118637;CHA 450ML MATTE LEAO NATURAL  ;6X450ML   ;CX;004-CHAS                      ;004.005-CHA 450ML             ;004.005.265-CHA ICE TEA       ;                    ;13,8;12,47;13,8;20/08/2025;0,47552;2,902;2,902;1;336;48;110;330;14;372;   ;6;6;ATIVO  ;                                                                                                    
118634;118634;CHA 450ML MATTE LEAO LIMAO    ;6X450ML   ;CX;004-CHAS                      ;004.005-CHA 450ML             ;004.005.265-CHA ICE TEA       ;43;13,62;12,3;13,62;16/06/2025;0,47552;2,7;2,7;1;336;48;110;326;14;372;   ;6;6;ATIVO  ;                                                                                                    
119464;119464;CHA 450ML LEAO VERDE LIMAO ZER;6X450ML   ;CX;004-CHAS                      ;004.005-CHA 450ML             ;004.005.265-CHA ICE TEA       ;28;13,98;12,64;13,98;16/09/2025;0,47552;2,7;2,7;1;336;48;110;327;14;372;   ;6;6;ATIVO  ;                                                                                                    
119471;119471;CHA 450M LEAO BRANCO LICHIA ZR;6X450ML   ;CX;004-CHAS                      ;004.005-CHA 450ML             ;004.005.265-CHA ICE TEA       ;11;13,97;12,62;13,98; 8/08/25;0,47551;2,902;2,902;1;336;48;110;332;14;372;   ;6;6;ATIVO  ;                                                                                                    
119123;119123;CHA 450ML GUARANA POWER ACAI  ;6X450ML   ;CX;004-CHAS                      ;004.005-CHA 450ML             ;004.005.265-CHA ICE TEA       ;83;11,58;10,45;11,58;16/09/2025;0,47551;2,902;2,902;1;336;48;110;320;14;372;   ;6;6;ATIVO  ;                                                                                                    
118614;118614;CHA 450ML ICE TEA LIMAO       ;6X450ML   ;CX;004-CHAS                      ;004.005-CHA 450ML             ;004.005.265-CHA ICE TEA       ;94;13,68;12,37;13,68; 4/08/25;0,47552;2,902;2,902;1;336;48;110;325;14;372;   ;6;6;ATIVO  ;                                                                                                    
118620;118620;CHA 450ML ICE TEA PESSEGO     ;6X450ML   ;CX;004-CHAS                      ;004.005-CHA 450ML             ;004.005.265-CHA ICE TEA       ;336;13,68;12,37;13,68;26/09/2025;0,47552;2,902;2,902;1;336;48;110;335;14;372;   ;6;6;ATIVO  ;                                                                                                    
55935;55935;COCA COLA PET 600ML           ;6X600ML   ;CX;001-REFRIG                    ;001.022-20.3 Onz / 600 ML=CC  ;001.022.042-COCA-COLA         ;3824;20,69;19,06;20,7;26/09/2025;0,63402;3,89;3,89;1;280;40;50;10;20;112;   ;6;8;ATIVO  ;                                                                                                    
56102;56102;FANTA LARANJA PET 600ML       ;6X600ML   ;CX;001-REFRIG                    ;001.022-20.3 Onz / 600 ML=CC  ;001.022.068-FANTA             ;603;19,92;18,34;19,92;26/09/2025;0,63402;3,89;3,89;1;240;40;50;30;17;114;   ;6;7;ATIVO  ;                                                                                                    
56350;56350;SPRITE ORIGINAL PET 600ML 6U F;6X600ML   ;CX;001-REFRIG                    ;001.022-20.3 Onz / 600 ML=CC  ;001.022.174-SPRITE            ;380;19,91;18,34;19,91;23/09/2025;0,63402;3,89;3,89;1;240;40;50;40;17;114;   ;6;7;ATIVO  ;                                                                                                    
55934;55934;COCA COLA ZERO PET 600ML      ;6X600ML   ;CX;001-REFRIG                    ;001.022-20.3 Onz / 600 ML=CC  ;001.022.048-COCA-COLA ZERO    ;1320;20,69;19,06;20,7;25/09/2025;0,63402;3,89;3,89;1;280;40;50;15;20;112;   ;6;8;ATIVO  ;                                                                                                    
55990;55990;FANTA UVA PET 600ML           ;6X600ML   ;CX;001-REFRIG                    ;001.022-20.3 Onz / 600 ML=CC  ;001.022.068-FANTA             ;                    ;19,92;18,34;19,92;28/08/2025;0,63402;3,89;3,89;1;240;40;50;50;17;114;   ;6;7;ATIVO  ;                                                                                                    
55707;55707;KUAT PET 600ML C/6            ;6X600ML   ;CX;001-REFRIG                    ;001.022-20.3 Onz / 600 ML=CC  ;001.022.238-KUAT              ;                    ;16,56;15,31;16,56;19/08/2025;0,63402;3,89;3,89;1;240;40;50;50;17;114;   ;6;7;ATIVO  ;                                                                                                    
9770;92657;CRYSTAL VIP COM GAS 350ML 12UN;12X350ML  ;CX;003-AGUA                      ;003.007-AGUA 350ML            ;003.007.130-CRYSTAL           ;30;21;21;21;19/08/2025;0,73969;3,6;3,6;1;140;20;80;215;36;242;   ;12;0;ATIVO  ;                                                                                                    
9714;92658;CRYSTAL VIP SEM /G 350ML      ;12X350ML  ;CX;003-AGUA                      ;003.007-AGUA 350ML            ;003.007.130-CRYSTAL           ;108;21,23;21,23;21,24;26/08/2025;0,73969;3,6;3,6;1;140;20;80;220;36;242;   ;12;0;ATIVO  ;                                                                                                    
7322;92520;CRYSTAL PET 1,5L COM GAS      ;6X1,5L    ;CX;003-AGUA                      ;003.004-10.1 Onz / 300 ML=CC  ;003.004.226-CRYSTAL           ;510;13,94;13,94;13,92;25/09/2025;1,58506;9,295;9,295;1;112;28;30;40;13;100;   ;6;4;ATIVO  ;                                                                                                    
7323;92521;CRYSTAL PET 1,5L SEM / G      ;6X1,5L    ;CX;003-AGUA                      ;003.033-50.7 Onz / 1.5 LITRO  ;003.033.226-CRYSTAL           ;728;13,11;13,11;13,08;25/09/2025;1,58506;9,295;9,295;1;112;28;30;30;13;100;   ;6;4;ATIVO  ;                                                                                                    
8590;92581;CRYSTAL PET 5L                ;2X5L      ;CX;003-AGUA                      ;003.144-5 LITROS              ;003.144.226-CRYSTAL           ;525;14,44;14,44;14,44;25/09/2025;1,76118;10,415;10,415;1;112;28;30;60;39;243;   ;2;3;ATIVO  ;                                                                                                    
55789;55789;G.KUAT PET2 C/8 UND           ;8X2L      ;CX;001-REFRIG                    ;001.041-67.6 Onz / 2 LITROS   ;001.041.238-KUAT              ;877;34,87;31,87;34,88;45925;2,81789;16,8;16,8;1;75;15;20;60;6;90;   ;8;6;ATIVO  ;                                                                                                    
3212;55853;CC ZERO PET 1,5L              ;6X1,5L    ;CX;001-REFRIG                    ;001.033-50.7 Onz / 1.5 LITRO  ;001.033.048-COCA-COLA ZERO    ;82;39,12;35,59;39,12;23/09/2025;1,58506;9,66;9,66;1;110;22;30;50;12;50;   ;6;6;ATIVO  ;                                                                                                    
56314;56314;SCHW CITRUS ORIGINAL PET 1,5L ;6X1,5L    ;CX;001-REFRIG                    ;001.033-50.7 Onz / 1.5 LITRO  ;001.033.153-SCHWEPPES         ;161;35,46;32,24;35,46;25/09/2025;1,58506;9,66;9,66;1;110;22;30;45;12;50;   ;6;6;ATIVO  ;                                                                                                    
6060;55280;CC PET 1.500ML C6             ;6X1,5L    ;CX;001-REFRIG                    ;001.033-50.7 Onz / 1.5 LITRO  ;001.033.042-COCA-COLA         ;221;40,19;36,51;40,2;25/09/2025;1,58506;9,66;9,66;1;110;22;30;40;12;50;   ;6;6;ATIVO  ;                                                                                                    
56419;56419;SPRITE FRESH LIMÃO PET 1,5L 6U;6X1,5L    ;CX;001-REFRIG                    ;001.033-50.7 Onz / 1.5 LITRO  ;001.033.053-SPRITE FRESH      ;161;25,97;23,7;25,98;25/09/2025;1,58506;9,275;9,275;1;112;28;30;190;13;100;   ;6;4;ATIVO  ;                                                                                                    
8705;8705;FANTA LARANJA 1,5L;6X1,5L    ;CX;001-REFRIG                    ;001.033-50.7 Onz / 1.5 LITRO  ;001.033.042-COCA-COLA         ;221;40,19;36,51;40,2;25/09/2025;1,58506;9,66;9,66;1;110;22;30;40;12;50;   ;6;6;ATIVO  ;                                                                                                    
119568;119568;PET 1.5L DV F.FRUTAS CITRICAS ;6X1.5L    ;CX;008-SUCOS                     ;008.033-50.7 Onz / 1.5 LITRO  ;008.033.231-DEL VALLE FRUT    ;84;22,43;20,27;22,44;25/09/2025;1,58506;9,66;9,66;1;88;22;30;90;67;51;   ;6;5;ATIVO  ;                                                                                                    
119574;119574;PET 1.5L DV FRUT UVA C6       ;6X1.5L    ;CX;008-SUCOS                     ;008.033-50.7 Onz / 1.5 LITRO  ;008.033.231-DEL VALLE FRUT    ;768;22,43;20,27;22,44;30/09/2025;1,58506;9,66;9,66;1;88;22;30;92;67;51;   ;6;5;ATIVO  ;                                                                                                    
119571;119571;PET 1.5L DV FRUT LARANJA C6   ;6X1.5L    ;CX;008-SUCOS                     ;008.033-50.7 Onz / 1.5 LITRO  ;008.033.231-DEL VALLE FRUT    ;619;22,41;20,25;22,44;30/09/2025;1,58506;9,66;9,66;1;88;22;30;91;67;51;   ;6;5;ATIVO  ;                                                                                                    
119588;119588;PET 1.5L DV FRUT LIMAO C6     ;6X1.5L    ;CX;008-SUCOS                     ;008.033-50.7 Onz / 1.5 LITRO  ;008.033.231-DEL VALLE FRUT    ;119;22,43;20,27;22,44;30/09/2025;1,58506;9,66;9,66;1;88;22;30;93;67;51;   ;6;5;ATIVO  ;                                                                                                    
119151;119151;LEAO CHA VERDE LIMAO ZERO 1,5L;6X1500ML  ;CX;004-CHAS                      ;004.100-1500ML                ;004.100.011-MATTE LEAO        ;116;28,75;26;28,8;25/09/2025;1,58506;9,585;9,585;1;110;22;30;130;12;50;   ;6;6;ATIVO  ;                                                                                                    
118759;118759;MATTE LEÃO NATURAL PET 1,5L C6;6X1,5L    ;CX;004-CHAS                      ;004.100-1500ML                ;004.100.011-MATTE LEAO        ;44;26,67;24,12;26,94; 6/08/25;1,58506;9,585;9,585;1;110;22;30;130;12;50;   ;6;6;ATIVO  ;                                                                                                    
119474;119474;LEAO CHA BRANCO LICHIA ZERO 1,;6X1.5L    ;CX;004-CHAS                      ;004.100-1500ML                ;004.100.011-MATTE LEAO        ;75;28,53;25,78;28,8;19/08/2025;1,58506;9,585;9,585;1;88;22;30;111;67;51;   ;6;5;ATIVO  ;                                                                                                    
118768;118768;MATTE LEAO PESSEGO PET 1,5L C6;6X1500ML  ;CX;004-CHAS                      ;004.100-1500ML                ;004.100.011-MATTE LEAO        ;64;26,94;24,34;26,94; 9/09/25;1,58506;9,585;9,585;1;88;22;30;120;67;51;   ;6;5;ATIVO  ;                                                                                                    
118765;118765;MATTE LEAO LIMAO PET 1,5L C6  ;6X1500ML  ;CX;004-CHAS                      ;004.100-1500ML                ;004.100.011-MATTE LEAO        ;78;26,94;24,34;26,94;23/09/2025;1,58506;9,585;9,585;1;88;22;30;110;67;51;   ;6;5;ATIVO  ;                                                                                                    
56273;56273;SPRITE ORIGINAL PET 2L 8U FL  ;8X2L      ;CX;001-REFRIG                    ;001.041-67.6 Onz / 2 LITROS   ;001.041.174-SPRITE            ;502;48,95;44,63;48,96;45925;2,81789;16,8;16,8;1;75;15;20;70;6;90;   ;8;6;ATIVO  ;                                                                                                    
55818;55818;COCA COLA ZERO PET 2L         ;8X2L      ;CX;001-REFRIG                    ;001.041-67.6 Onz / 2 LITROS   ;001.041.048-COCA-COLA ZERO    ;2037;62,55;56,93;62,56;45926;2,81789;16,8;16,8;1;75;15;20;40;6;90;   ;8;6;ATIVO  ;                                                                                                    
55793;55793;GUARAPAN PET 2L C/8           ;8X2L      ;CX;001-REFRIG                    ;001.041-67.6 Onz / 2 LITROS   ;001.041.237-GUARAPAN          ;77;40,23;36,64;40,24;45925;2,81789;16,8;16,8;1;75;15;20;71;6;90;   ;8;6;ATIVO  ;                                                                                                    
56476;56476;CC MENOS ACUCAR PET 3L 6U FL  ;6X3L      ;CX;001-REFRIG                    ;001.007-101.4 Onz / 3 LITROS  ;001.007.042-COCA-COLA         ;531;59,22;53,76;59,22;26/09/2025;3,17013;18,89;18,89;1;60;15;30;10;57;51;   ;6;5;ATIVO  ;                                                                                                    
5341;55341;FANTA LARANJA PET 3L C/6      ;6X3L      ;CX;001-REFRIG                    ;001.007-101.4 Onz / 3 LITROS  ;001.007.068-FANTA             ;                    ;42,84;38,96;42,84;21/08/2025;3,17013;18,89;18,89;1;60;15;30;20;57;51;   ;6;5;ATIVO  ;                                                                                                    
55817;55817;FTA LAR PET 2L                ;8X2L      ;CX;001-REFRIG                    ;001.041-67.6 Onz / 2 LITROS   ;001.041.068-FANTA             ;708;49,6;45,17;49,6;45925;2,81789;16,8;16,8;1;75;15;20;50;6;90;   ;8;6;ATIVO  ;                                                                                                    
56199;56199;SPRITE SEM ACUCAR PET 2L C8   ;8X2L      ;CX;001-REFRIG                    ;001.041-67.6 Onz / 2 LITROS   ;001.041.174-SPRITE            ;19;48,96;44,63;48,96;45923;2,81789;16,8;16,8;1;60;15;20;71;66;31;   ;8;5;ATIVO  ;                                                                                                    
55819;55819;FANTA UVA PET 2L              ;8X2L      ;CX;001-REFRIG                    ;001.041-67.6 Onz / 2 LITROS   ;001.041.068-FANTA             ;455;49,59;45,17;49,6;45925;2,81789;16,8;16,8;1;75;15;20;80;6;90;   ;8;6;ATIVO  ;                                                                                                    
56100;56100;FANTA GUARANA PET 2L          ;8X2L      ;CX;001-REFRIG                    ;001.041-67.6 Onz / 2 LITROS   ;001.041.068-FANTA             ;276;43,68;39,97;43,68;45925;2,81789;16,8;16,8;1;75;15;20;90;6;90;   ;8;6;ATIVO  ;                                                                                                    
56758;56758;FT MARACUJA PET 2L C/8        ;8X2L      ;CX;001-REFRIG                    ;001.004-10.1 Onz / 300 ML=CC  ;001.004.042-COCA-COLA         ;                    ;48,96;44,53;48,96;45825;2,81789;16,8;16,8;1;75;15;20;90;6;90;   ;8;6;ATIVO  ;                                                                                                    
55823;55823;FANTA LAR ZERO PET2L/8        ;8X2L      ;CX;001-REFRIG                    ;001.041-67.6 Onz / 2 LITROS   ;001.041.071-FANTA ZERO        ;                    ;49,6;45,17;49,6; 2/09/25;2,81789;16,8;16,8;1;60;15;20;52;66;31;   ;8;5;ATIVO  ;                                                                                                    
56600;56600;COCA COLA ORIGINAL PET 2L 8U F;8X2L      ;CX;001-REFRIG                    ;001.041-67.6 Onz / 2 LITROS   ;001.041.042-COCA-COLA         ;11449;62,87;57,23;62,88;45926;2,81789;16,8;16,8;1;75;15;20;30;6;90;   ;8;6;ATIVO  ;                                                                                                    
56606;56606;CC+SPRITE PET2L (4) LM        ;4X2L      ;CX;001-REFRIG                    ;001.041-67.6 Onz / 2 LITROS   ;001.041.042-COCA-COLA         ;155;25,19;22,88;25,2;25/09/2025;1,40894;8,445;8,445;1;120;30;20;10;46;410;   ;4;5;ATIVO  ;                                                                                                    
56604;56604;BIPACK CCO+FTALAR PET2L       ;4X2L      ;CX;001-REFRIG                    ;001.041-67.6 Onz / 2 LITROS   ;001.041.042-COCA-COLA         ;1269;25,27;22,93;25,28;25/09/2025;1,40894;8,445;8,445;1;120;30;20;10;46;410;   ;4;5;ATIVO  ;                                                                                                    
56602;56602;CC+FTA GUA PET2L 2X2          ;4X2L      ;CX;001-REFRIG                    ;001.041-67.6 Onz / 2 LITROS   ;001.041.042-COCA-COLA         ;413;23,8;21,61;23,8;25/09/2025;1,40894;8,445;8,445;1;120;30;20;20;46;410;   ;4;5;ATIVO  ;                                                                                                    
55957;55957;COCA COLA KS ULTRA 290ML      ;24X290ML  ;CX;001-REFRIG                    ;001.004-10.1 Onz / 300 ML=CC  ;001.004.042-COCA-COLA         ;1262;45,59;42,65;45,6;26/09/2025;1,22578;18,5;18,5;1;60;10;1;1;1;1;   ;24;0;ATIVO  ;                                                                                                    
56840;56840;COCA COLA LS 1 LITRO ROTULADA ;1X1L      ;CX;001-REFRIG                    ;001.027-33.8 Onz / 1 LITRO    ;001.027.042-COCA-COLA         ;909;36,83;33,96;36,84;26/09/2025;2,11342;25;25;1;50;10;1;6;2;80;   ;12;0;ATIVO  ;                                                                                                    
56754;56754;COCA COLA RETORNAVEL PET 2L RT;9X2L      ;CX;001-REFRIG                    ;001.004-10.1 Onz / 300 ML=CC  ;001.004.042-COCA-COLA         ;2033;42,36;38,79;42,48;26/09/2025;3,17013;21,8;21,8;1;50;10;1;7;3;2;   ;9;0;ATIVO  ;                                                                                                    
139589;139589;EST GALICIA 600ML RETORN C/24 ;24X600ML  ;CX;002-CERVEJA                   ;002.022-20.3 Onz / 600 ML=CC  ;002.022.008-BAVARIA           ;23;201,11;183,59;201,12;19/09/2025;2,5361;29;29;1;35;7;2;3;4;5;   ;24;0;ATIVO  ;                                                                                                    
903401;139173;CERV KAISER 600ML RETORNAVEL  ;24X600ML  ;CX;002-CERVEJA                   ;002.022-20.3 Onz / 600 ML=CC  ;002.022.088-KAISER            ;18;84,13;78,43;84,23;26/08/2025;2,5361;29;29;1;35;7;2;   ;4;5;   ;24;0;ATIVO  ;                                                                                                    
903024;139468;EISENBAHN 600ML RETORNAVEL C24;24X600ML  ;CX;002-CERVEJA                   ;002.022-20.3 Onz / 600 ML=CC  ;002.022.241-EISENBAHN         ;8;122,01;114,53;122,05;26/08/2025;2,5361;29;29;1;35;7;2;2;4;5;   ;24;0;ATIVO  ;                                                                                                    
139611;139611;THZ GOLD LAGER 600ML RETORNAVE;24X600ML  ;CX;002-CERVEJA                   ;002.022-20.3 Onz / 600 ML=CC  ;002.022.242-THEREZOPOLIS      ;9;140,87;134,01;140,88;19/09/2025;2,5361;29;29;1;35;7;2;2;4;5;   ;24;0;ATIVO  ;                                                                                                    
56756;56756;CC SEM ACUCAR RETORNAVEL 2L RT;9X2L      ;CX;001-REFRIG                    ;001.004-10.1 Onz / 300 ML=CC  ;001.004.042-COCA-COLA         ;630;42,48;38,89;42,48;25/09/2025;3,17013;21,8;21,8;1;50;10;1;9;3;2;   ;9;0;ATIVO  ;                                                                                                    
56327;56327;FTA LARANJA RETORNAVEL 2L P   ;9X2L      ;CX;001-REFRIG                    ;001.041-67.6 Onz / 2 LITROS   ;001.041.068-FANTA             ;200;42,48;38,81;42,48;26/09/2025;3,17013;21,8;21,8;1;50;10;1;8;3;2;   ;9;0;ATIVO  ;                                                                                                    
56320;56320;FTA UVA RETORNAVEL 2L C/9     ;9X2L      ;CX;001-REFRIG                    ;001.041-67.6 Onz / 2 LITROS   ;001.041.068-FANTA             ;                    ;42,47;38,81;42,48; 9/09/25;3,17013;21,8;21,8;1;50;10;1;10;3;2;   ;9;0;ATIVO  ;                                                                                                    
56016;56016;CC ZERO 290ML KS ULTRA CX24   ;24X290ML  ;CX;001-REFRIG                    ;001.004-10.1 Onz / 300 ML=CC  ;001.004.042-COCA-COLA         ;79;45,6;42,66;45,6;23/09/2025;1,22578;18,5;18,5;1;60;10;1;4;1;1;   ;24;0;ATIVO  ;                                                                                                    
55834;55834;FTA LAR KS 290ML NORDIC       ;24X290ML  ;CX;001-REFRIG                    ;001.124-310ml / 10,5oz        ;001.124.068-FANTA             ;57;43,88;41,24;43,92;18/09/2025;1,22578;18,5;18,5;1;60;10;1;2;1;1;   ;24;0;ATIVO  ;                                                                                                    
55860;55860;SPRITE ORIG 290ML NORDIC KS   ;24X290ML  ;CX;001-REFRIG                    ;001.004-10.1 Onz / 300 ML=CC  ;001.004.174-SPRITE            ;23;43,91;41,28;43,91;22/09/2025;1,22578;18,5;18,5;1;60;10;1;3;1;1;   ;24;0;ATIVO  ;                                                                                                    
